{"stats":{"minecraft:picked_up":{"minecraft:stick":8,"minecraft:sandstone":13,"minecraft:jungle_log":3,"minecraft:sand":6,"minecraft:diorite":1,"minecraft:cobblestone":4},"minecraft:used":{"minecraft:sand":3,"minecraft:crafting_table":1,"minecraft:wooden_pickaxe":21},"minecraft:crafted":{"minecraft:crafting_table":1,"minecraft:stick":4,"minecraft:wooden_pickaxe":1,"minecraft:jungle_planks":12},"minecraft:custom":{"minecraft:time_since_rest":4566,"minecraft:sprint_one_cm":9464,"minecraft:play_time":4566,"minecraft:damage_taken":20,"minecraft:walk_one_cm":5194,"minecraft:jump":79,"minecraft:leave_game":3,"minecraft:time_since_death":4566,"minecraft:total_world_time":4566,"minecraft:climb_one_cm":240,"minecraft:interact_with_crafting_table":2,"minecraft:fall_one_cm":2670,"minecraft:fly_one_cm":21123},"minecraft:mined":{"minecraft:vine":3,"minecraft:jungle_log":3,"minecraft:dead_bush":8,"minecraft:sand":6,"minecraft:stone":4,"minecraft:diorite":1,"minecraft:sandstone":13}},"DataVersion":3465}